detector,feature,feature_display,pearson_r,spearman_rho,spearman_ci_95,n_samples
yolo11s_640,matched_iou,Bounding Box IoU with GT,-0.1056,-0.0128,"[-0.0925, 0.0621]",2712
yolo11s_640,confidence,Detector Confidence Score,-0.0985,-0.0867,"[-0.1741, -0.0144]",2712
yolo11s_640,delta_y2_px,Bottom Edge Error $\Delta y_2$ (px),0.1477,0.0174,"[-0.0606, 0.0981]",2712
yolo11s_640,abs_delta_y2_px,Absolute Bottom Error $|\Delta y_2|$ (px),0.1724,-0.0263,"[-0.0922, 0.0349]",2712
yolo11s_640,bbox_height,Bounding Box Height $h$ (px),0.1131,0.0103,"[-0.1275, 0.0804]",2712
yolo11s_640,bbox_width,Bounding Box Width $w$ (px),0.1462,0.0742,"[-0.1264, 0.2229]",2712
yolov8s_640,matched_iou,Bounding Box IoU with GT,-0.0983,-0.0099,"[-0.1114, 0.0507]",2660
yolov8s_640,confidence,Detector Confidence Score,-0.0659,-0.0529,"[-0.1495, 0.0085]",2660
yolov8s_640,delta_y2_px,Bottom Edge Error $\Delta y_2$ (px),0.1684,0.0478,"[-0.0891, 0.1735]",2660
yolov8s_640,abs_delta_y2_px,Absolute Bottom Error $|\Delta y_2|$ (px),0.1889,-0.0414,"[-0.1046, 0.0496]",2660
yolov8s_640,bbox_height,Bounding Box Height $h$ (px),0.1381,0.0359,"[-0.0917, 0.1037]",2660
yolov8s_640,bbox_width,Bounding Box Width $w$ (px),0.1665,0.0886,"[-0.0992, 0.2117]",2660
yolov5su_640,matched_iou,Bounding Box IoU with GT,-0.1099,-0.0221,"[-0.1315, 0.0547]",2674
yolov5su_640,confidence,Detector Confidence Score,-0.0781,-0.0644,"[-0.1738, 0.0336]",2674
yolov5su_640,delta_y2_px,Bottom Edge Error $\Delta y_2$ (px),0.0815,0.0533,"[-0.0371, 0.1555]",2674
yolov5su_640,abs_delta_y2_px,Absolute Bottom Error $|\Delta y_2|$ (px),0.1771,-0.0198,"[-0.103, 0.0792]",2674
yolov5su_640,bbox_height,Bounding Box Height $h$ (px),0.1111,0.0086,"[-0.108, 0.1132]",2674
yolov5su_640,bbox_width,Bounding Box Width $w$ (px),0.1719,0.104,"[-0.0718, 0.2537]",2674
