detector,variant,pooled_coverage,macro_coverage,macro_coverage_ge30,mean_width_ratio,mean_winkler,crossing_count
yolo11s_640,Standard CQR (Primary),0.9639,0.8793,0.9741,1.319,0.2991,0
yolo11s_640,Split Conformal (Baseline),0.9631,0.9785,0.9785,1.322,,0
yolo11s_640,Mondrian CQR (Distance Bins),0.9554,0.9761,0.9761,1.294,,0
yolov8s_640,Standard CQR (Primary),0.9714,0.9689,0.975,1.352,0.3148,0
yolov8s_640,Split Conformal (Baseline),0.9692,0.9815,0.9815,1.345,,0
yolov8s_640,Mondrian CQR (Distance Bins),0.9699,0.9819,0.9819,1.353,,0
yolov5su_640,Standard CQR (Primary),0.966,0.9793,0.9741,1.332,0.3069,0
yolov5su_640,Split Conformal (Baseline),0.9705,0.9729,0.9729,1.351,,0
yolov5su_640,Mondrian CQR (Distance Bins),0.9611,0.977,0.977,1.316,,0
