detector,variant,display_method,n_tp,recall,absrel_pooled,absrel_macro,absrel_macro_ge30,mae,rmse,delta1,paired_ci
yolo11s_640,z_w,Width Cue $Z_w$ (a),2712,0.8443,0.2458,0.2403,0.2502,6.291,8.01,0.48,---
yolo11s_640,z_h,Height Cue $Z_h$ (b),2712,0.8443,0.0672,0.0645,0.0595,1.563,2.202,0.9754,---
yolo11s_640,z_g,Ground Cue $Z_g$ (c*),2712,0.8443,0.1061,0.1362,0.1384,2.898,5.427,0.9077,---
yolo11s_640,z_d,Fused Geometry $Z_d$ (d*),2712,0.8443,0.064,0.0692,0.0623,1.397,2.055,0.9656,---
yolo11s_640,z_hat_e,Direct Depth $Z_e$ (e),2712,0.8443,0.0465,0.0408,0.0422,1.108,1.619,0.9974,"vs (f): [-0.0012, 0.0023]"
yolo11s_640,z_hat_f0,Linear Residual $Z_{f0}$ (f0),2712,0.8443,0.0553,0.057,0.0557,1.251,1.85,0.9867,---
yolo11s_640,z_hat_f,Full Residual $\hat{Z}_f$ (f),2712,0.8443,0.0463,0.0473,0.0432,1.099,1.605,0.9967,"vs (d): [-0.0264, -0.0107]"
yolov8s_640,z_w,Width Cue $Z_w$ (a),2660,0.8281,0.246,0.2464,0.2547,6.214,7.97,0.4837,---
yolov8s_640,z_h,Height Cue $Z_h$ (b),2660,0.8281,0.0692,0.0656,0.062,1.579,2.267,0.9655,---
yolov8s_640,z_g,Ground Cue $Z_g$ (c*),2660,0.8281,0.1034,0.1337,0.1336,2.758,4.958,0.9122,---
yolov8s_640,z_d,Fused Geometry $Z_d$ (d*),2660,0.8281,0.0641,0.0681,0.0623,1.357,1.964,0.9668,---
yolov8s_640,z_hat_e,Direct Depth $Z_e$ (e),2660,0.8281,0.0459,0.0428,0.0441,1.061,1.517,0.9977,"vs (f): [-0.0008, 0.0018]"
yolov8s_640,z_hat_f0,Linear Residual $Z_{f0}$ (f0),2660,0.8281,0.0551,0.0582,0.0567,1.212,1.747,0.9872,---
yolov8s_640,z_hat_f,Full Residual $\hat{Z}_f$ (f),2660,0.8281,0.0461,0.0458,0.0437,1.063,1.555,0.997,"vs (d): [-0.0259, -0.0111]"
yolov5su_640,z_w,Width Cue $Z_w$ (a),2674,0.8325,0.2371,0.2412,0.2499,5.994,7.716,0.507,---
yolov5su_640,z_h,Height Cue $Z_h$ (b),2674,0.8325,0.0718,0.0656,0.0651,1.654,2.325,0.97,---
yolov5su_640,z_g,Ground Cue $Z_g$ (c*),2674,0.8325,0.1025,0.1305,0.1307,2.756,4.981,0.9124,---
yolov5su_640,z_d,Fused Geometry $Z_d$ (d*),2674,0.8325,0.0642,0.067,0.0622,1.376,2.049,0.9632,---
yolov5su_640,z_hat_e,Direct Depth $Z_e$ (e),2674,0.8325,0.0474,0.0473,0.0441,1.122,1.645,0.9955,"vs (f): [-0.0015, 0.0022]"
yolov5su_640,z_hat_f0,Linear Residual $Z_{f0}$ (f0),2674,0.8325,0.056,0.0576,0.0577,1.258,1.89,0.9828,---
yolov5su_640,z_hat_f,Full Residual $\hat{Z}_f$ (f),2674,0.8325,0.0474,0.0496,0.0439,1.118,1.642,0.9951,"vs (d): [-0.0264, -0.0076]"
